{
  "version": "2022.2",
  "applications": [],
  "platforms": [
    {
      "name": "mb_usb_hdmi_top"
    }
  ],
  "systems": [
    {
      "name": "final_proj_system",
      "platform": "C:/Users/yanxinj2/workspace/mb_usb_hdmi_top/export/mb_usb_hdmi_top/mb_usb_hdmi_top.xpfm",
      "sysConfig": "mb_usb_hdmi_top",
      "buildConfig": "Debug",
      "applications": [
        {
          "name": "final_proj",
          "platform": "C:/Users/yanxinj2/workspace/mb_usb_hdmi_top/export/mb_usb_hdmi_top/mb_usb_hdmi_top.xpfm",
          "platformPath": "C:\\Users\\yanxinj2\\workspace\\mb_usb_hdmi_top\\export\\mb_usb_hdmi_top",
          "sysConfig": "mb_usb_hdmi_top",
          "domain": "standalone_microblaze_0",
          "system": "final_proj_system"
        }
      ],
      "platformPath": "C:\\Users\\yanxinj2\\workspace\\mb_usb_hdmi_top\\export\\mb_usb_hdmi_top"
    }
  ],
  "others": []
}